which_wiki_edit, 5_attn.v, 18.19719678338645
which_wiki_edit, 17_attn.q, 18.19700126457436
which_wiki_edit, 17_attn.v, 18.196948913869356
which_wiki_edit, 20_attn.k, 18.197082177662402
which_wiki_edit, 21_attn.k, 18.197084171671708
which_wiki_edit, 26_attn.v, 18.197172224650103
which_wiki_edit, 29_attn.v, 18.197116511666128
which_wiki_edit, 3_attn.q, 18.197033028096275
which_wiki_edit, 3_attn.o, 18.196992213141165
which_wiki_edit, 4_attn.q, 18.196944660501135
which_wiki_edit, 5_attn.q, 18.197050058399405
which_wiki_edit, 5_attn.o, 18.19696811681647
which_wiki_edit, 10_attn.q, 18.197143610440456
which_wiki_edit, 12_attn.q, 18.197172468513372
which_wiki_edit, 12_attn.v, 18.197229036489503
which_wiki_edit, 17_attn.o, 18.197129600032255
which_wiki_edit, 19_attn.q, 18.19711804738808
which_wiki_edit, 19_attn.o, 18.197014580100173
which_wiki_edit, 24_attn.k, 18.19708441775558
which_wiki_edit, 27_attn.k, 18.197129067621727
which_wiki_edit, 29_attn.o, 18.19704318821317
which_wiki_edit, 30_attn.k, 18.197067617174692
abstract_narrative_understanding, 4_attn.v, 23.151506214158154
abstract_narrative_understanding, 7_attn.o, 23.151115997979364
abstract_narrative_understanding, 8_attn.o, 23.151350326388293
abstract_narrative_understanding, 12_attn.q, 23.15136727614766
abstract_narrative_understanding, 15_attn.q, 23.15110542171434
abstract_narrative_understanding, 16_attn.v, 23.1515325709715
abstract_narrative_understanding, 19_attn.v, 23.15101354926568
abstract_narrative_understanding, 23_attn.k, 23.15137077970737
abstract_narrative_understanding, 25_attn.v, 23.151166452784178
anachronisms, 3_attn.v, 23.55785654221819
anachronisms, 4_attn.k, 23.557830996682345
anachronisms, 6_attn.o, 23.557725367656587
anachronisms, 7_attn.o, 23.557867893990014
anachronisms, 9_attn.o, 23.557516728520234
anachronisms, 15_attn.k, 23.557800993773167
anachronisms, 22_attn.q, 23.557756504538418
anachronisms, 22_attn.k, 23.55808075710183
anachronisms, 22_attn.v, 23.55788157491761
anachronisms, 22_attn.o, 23.55794216607301
anachronisms, 23_attn.k, 23.557923770215993
anachronisms, 25_attn.v, 23.557736720947915
anachronisms, 29_attn.q, 23.557729583065782
analogical_similarity, 3_attn.k, 22.68973681288527
analogical_similarity, 8_attn.o, 22.689432552415123
analogical_similarity, 10_attn.k, 22.690225200921436
analogical_similarity, 18_attn.k, 22.689661843384652
analogical_similarity, 19_attn.q, 22.68972330850175
analogical_similarity, 20_attn.k, 22.689652399993324
analogical_similarity, 28_attn.k, 22.689513998756702
analogical_similarity, 28_attn.v, 22.689400521683986
analogical_similarity, 28_attn.o, 22.68956388921569
analytic_entailment, 4_attn.o, 24.41149697821992
analytic_entailment, 8_attn.o, 24.411794211695923
analytic_entailment, 9_attn.q, 24.41163084627919
analytic_entailment, 13_attn.o, 24.41172629511739
analytic_entailment, 16_attn.k, 24.41152143888671
analytic_entailment, 18_attn.k, 24.41162135345516
analytic_entailment, 20_attn.q, 24.411799914183494
analytic_entailment, 23_attn.v, 24.41129769033063
analytic_entailment, 24_attn.k, 24.4113279582697
analytic_entailment, 27_attn.o, 24.411558054484043
arithmetic, 5_attn.k, 24.411648610212982
arithmetic, 6_attn.v, 24.411376471093018
arithmetic, 13_attn.v, 24.41119003640731
arithmetic, 14_attn.k, 24.411262829852426
arithmetic, 15_attn.o, 24.41124835361536
arithmetic, 16_attn.v, 24.411526130262086
arithmetic, 20_attn.v, 24.411412083514946
arithmetic, 22_attn.v, 24.41137740653763
arithmetic, 23_attn.v, 24.411279200032194
arithmetic, 25_attn.k, 24.411325857132276
arithmetic, 28_attn.q, 24.411153154573377
arithmetic, 29_attn.k, 24.411304344315997
arithmetic, 30_attn.v, 24.41151199346305
authorship_verification, 7_attn.q, 9.697076457091214
authorship_verification, 9_attn.k, 9.696960558266236
authorship_verification, 12_attn.k, 9.697043670296763
authorship_verification, 17_attn.o, 9.697121041328485
authorship_verification, 19_attn.q, 9.697115283041867
authorship_verification, 23_attn.q, 9.697043148590918
authorship_verification, 24_attn.o, 9.697084145723593
authorship_verification, 27_attn.q, 9.69719576844359
bbq_lite_json, 4_attn.k, 20.164240749673237
bbq_lite_json, 5_attn.v, 20.164300554733316
bbq_lite_json, 7_attn.k, 20.164037669673515
bbq_lite_json, 9_attn.q, 20.16419230736741
bbq_lite_json, 15_attn.v, 20.164121864309436
bbq_lite_json, 16_attn.q, 20.164149892260646
bbq_lite_json, 16_attn.o, 20.16411283712246
bbq_lite_json, 18_attn.k, 20.164250718219062
bbq_lite_json, 27_attn.v, 20.163872095467116
causal_judgment, 5_attn.q, 23.970647155224565
causal_judgment, 5_attn.k, 23.970790261814688
causal_judgment, 12_attn.q, 23.970931746915277
causal_judgment, 13_attn.o, 23.970938997153947
cause_and_effect, 10_attn.q, 22.68982962121334
cause_and_effect, 10_attn.o, 22.6898638926989
cause_and_effect, 15_attn.v, 22.689747687973696
cause_and_effect, 17_attn.o, 22.689900613058235
cause_and_effect, 23_attn.o, 22.689727744115537
cause_and_effect, 27_attn.q, 22.68963977300778
cause_and_effect, 30_attn.o, 22.689799436370773
checkmate_in_one, 6_attn.o, 24.297197753912908
checkmate_in_one, 9_attn.k, 24.2974267374161
checkmate_in_one, 11_attn.q, 24.2974835054076
checkmate_in_one, 12_attn.k, 24.29716960121123
checkmate_in_one, 12_attn.v, 24.29755317730478
checkmate_in_one, 13_attn.k, 24.297334082955224
checkmate_in_one, 17_attn.v, 24.296894225784158
checkmate_in_one, 18_attn.k, 24.297631525308184
checkmate_in_one, 20_attn.q, 24.297506468400304
checkmate_in_one, 21_attn.k, 24.297190957574045
cifar10_classification, 4_attn.v, 23.266392794489626
cifar10_classification, 4_attn.o, 23.266243111816195
cifar10_classification, 7_attn.k, 23.266228987186853
cifar10_classification, 8_attn.v, 23.266173419840424
cifar10_classification, 14_attn.k, 23.266220148014447
cifar10_classification, 17_attn.k, 23.266213522975697
cifar10_classification, 24_attn.q, 23.26675656747206
cifar10_classification, 24_attn.v, 23.26596174740625
cifar10_classification, 26_attn.q, 23.266377966101103
cifar10_classification, 26_attn.o, 23.266132998532683
code_line_description, 3_attn.v, 24.411320844391447
code_line_description, 4_attn.v, 24.411539343529544
code_line_description, 8_attn.k, 24.41167907846173
code_line_description, 10_attn.q, 24.411635904983235
code_line_description, 12_attn.q, 24.411553922048995
code_line_description, 13_attn.q, 24.411573664666303
code_line_description, 16_attn.k, 24.411403467513264
code_line_description, 17_attn.o, 24.411642738359962
code_line_description, 21_attn.k, 24.411598543627022
code_line_description, 22_attn.v, 24.41139486086763
code_line_description, 23_attn.k, 24.411463488568444
code_line_description, 23_attn.o, 24.411591430005167
code_line_description, 29_attn.k, 24.411579050726413
color, 4_attn.k, 20.477212241153534
color, 5_attn.o, 20.477231779977732
color, 6_attn.o, 20.476974258721263
color, 15_attn.v, 20.47711054449197
color, 17_attn.k, 20.47708430350824
color, 20_attn.q, 20.47736710161333
color, 22_attn.o, 20.477089816815816
color, 27_attn.v, 20.476874777444632
color, 29_attn.v, 20.47707944112601
common_morpheme, 7_attn.k, 24.05443175384112
common_morpheme, 12_attn.q, 24.054737244858966
common_morpheme, 12_attn.o, 24.05484233255952
common_morpheme, 13_attn.v, 24.05446641040745
common_morpheme, 17_attn.q, 24.05467616150643
common_morpheme, 17_attn.o, 24.054594002757575
common_morpheme, 20_attn.o, 24.054632322899565
common_morpheme, 21_attn.o, 24.054682386229867
common_morpheme, 22_attn.o, 24.054920892918478
common_morpheme, 24_attn.o, 24.05459460026986
common_morpheme, 29_attn.k, 24.054923319962754
common_morpheme, 29_attn.o, 24.054534480303552
conceptual_combinations, 3_attn.v, 2.4017227193096535
conceptual_combinations, 4_attn.q, 2.4017289704514755
conceptual_combinations, 5_attn.v, 2.4017255850841255
conceptual_combinations, 6_attn.v, 2.4017383255531923
conceptual_combinations, 7_attn.k, 2.4017363254223434
conceptual_combinations, 11_attn.q, 2.401755275856224
conceptual_combinations, 12_attn.v, 2.4017294634446715
conceptual_combinations, 17_attn.v, 2.4017181748563514
conceptual_combinations, 18_attn.v, 2.401731968965651
conceptual_combinations, 18_attn.o, 2.4017483389393144
conceptual_combinations, 19_attn.q, 2.4017430901039707
conceptual_combinations, 20_attn.o, 2.4017238426352376
conceptual_combinations, 22_attn.k, 2.401753078746402
conceptual_combinations, 23_attn.o, 2.4017375948009603
conceptual_combinations, 26_attn.q, 2.4017308045648087
conceptual_combinations, 26_attn.k, 2.401722322890279
conceptual_combinations, 28_attn.q, 2.40172713318795
conceptual_combinations, 29_attn.k, 2.4017335344516675
conceptual_combinations, 30_attn.v, 2.401746689426688
conceptual_combinations, 30_attn.o, 2.401725164913245
crash_blossom, 7_attn.o, 22.617584947222305
crash_blossom, 12_attn.k, 22.61742447155312
crash_blossom, 13_attn.q, 22.617525772188376
crash_blossom, 15_attn.v, 22.617390871821765
crash_blossom, 17_attn.o, 22.617673009396402
crash_blossom, 19_attn.o, 22.617444799941566
crash_blossom, 20_attn.v, 22.617540058459763
crash_blossom, 20_attn.o, 22.61758262500216
crash_blossom, 24_attn.k, 22.61732682703686
crash_blossom, 26_attn.q, 22.617435022187443
crass_ai, 3_attn.o, 24.411549084357304
crass_ai, 6_attn.q, 24.411545910892162
crass_ai, 6_attn.k, 24.41131054816268
crass_ai, 8_attn.q, 24.411108303119324
crass_ai, 8_attn.o, 24.41134423890461
crass_ai, 9_attn.o, 24.411220059710267
crass_ai, 16_attn.o, 24.411239711714178
crass_ai, 17_attn.k, 24.411223447198218
crass_ai, 17_attn.v, 24.41087406356669
crass_ai, 22_attn.v, 24.411273340673485
crass_ai, 23_attn.v, 24.41131545297746
crass_ai, 24_attn.v, 24.411243467732127
crass_ai, 27_attn.v, 24.410903804952714
cryobiology_spanish, 3_attn.o, 22.43080786544064
cryobiology_spanish, 4_attn.v, 22.43094350776278
cryobiology_spanish, 6_attn.o, 22.430458047642432
cryobiology_spanish, 14_attn.k, 22.4304601404331
cryobiology_spanish, 14_attn.v, 22.43055687307654
cryobiology_spanish, 15_attn.k, 22.430654444623567
cryobiology_spanish, 16_attn.v, 22.4306039319565
cryobiology_spanish, 16_attn.o, 22.430404894722436
cryobiology_spanish, 18_attn.o, 22.430793336682633
cryobiology_spanish, 20_attn.k, 22.430582154760877
cryobiology_spanish, 20_attn.v, 22.43060792835665
cryobiology_spanish, 27_attn.o, 22.430623086214837
cryobiology_spanish, 28_attn.q, 22.430532597816978
cs_algorithms, 7_attn.o, 15.50259856095706
cs_algorithms, 8_attn.k, 15.502594996741472
cs_algorithms, 8_attn.o, 15.502668468700776
cs_algorithms, 10_attn.k, 15.502539914758625
cs_algorithms, 14_attn.o, 15.502488437492215
cs_algorithms, 20_attn.k, 15.502384455479078
cs_algorithms, 28_attn.q, 15.502514394337746
cs_algorithms, 29_attn.v, 15.502534949443112
dark_humor_detection, 3_attn.k, 24.411188941020193
dark_humor_detection, 3_attn.v, 24.41128634975467
dark_humor_detection, 6_attn.o, 24.411196138105016
dark_humor_detection, 7_attn.v, 24.411469306745353
dark_humor_detection, 8_attn.k, 24.411293784518975
dark_humor_detection, 15_attn.k, 24.411395072978596
dark_humor_detection, 15_attn.o, 24.411441791929747
dark_humor_detection, 16_attn.k, 24.411485905823664
dark_humor_detection, 19_attn.v, 24.41120766343111
dark_humor_detection, 21_attn.q, 24.411365392501867
dark_humor_detection, 23_attn.q, 24.411613424752744
dark_humor_detection, 23_attn.v, 24.41130893200382
dark_humor_detection, 28_attn.o, 24.411240476283083
dark_humor_detection, 29_attn.o, 24.411241661871774
date_understanding, 4_attn.k, 18.236490765278102
date_understanding, 10_attn.o, 18.236411898865832
date_understanding, 25_attn.q, 18.23641434170679
date_understanding, 25_attn.v, 18.236311359396755
date_understanding, 28_attn.q, 18.2363133817833
date_understanding, 30_attn.o, 18.236455765894004
disambiguation_qa, 14_attn.o, 16.41501458010012
disambiguation_qa, 16_attn.o, 16.414989408914742
disambiguation_qa, 17_attn.v, 16.414776640721662
disambiguation_qa, 18_attn.q, 16.415025402060998
disambiguation_qa, 19_attn.o, 16.414972132677573
disambiguation_qa, 20_attn.q, 16.415119294865832
disambiguation_qa, 21_attn.k, 16.41524976325383
disambiguation_qa, 21_attn.o, 16.41505887334843
disambiguation_qa, 23_attn.k, 16.415145603432645
disambiguation_qa, 24_attn.q, 16.415191703816284
discourse_marker_prediction, 6_attn.q, 20.94565573927436
discourse_marker_prediction, 6_attn.v, 20.9457956220617
discourse_marker_prediction, 7_attn.k, 20.945635118615183
discourse_marker_prediction, 9_attn.o, 20.945379206225635
discourse_marker_prediction, 11_attn.o, 20.945484742347848
discourse_marker_prediction, 14_attn.o, 20.94556888098512
discourse_marker_prediction, 21_attn.k, 20.94564390890721
discourse_marker_prediction, 23_attn.k, 20.945709759229967
discourse_marker_prediction, 24_attn.v, 20.945724941586192
discourse_marker_prediction, 27_attn.k, 20.945742354824805
discourse_marker_prediction, 29_attn.v, 20.94553183194984
dyck_languages, 4_attn.v, 22.14968425033853
dyck_languages, 8_attn.v, 22.149121219784274
dyck_languages, 10_attn.k, 22.149651613633758
dyck_languages, 11_attn.v, 22.149423786959773
dyck_languages, 12_attn.k, 22.14926325920917
dyck_languages, 15_attn.v, 22.1494422144759
dyck_languages, 15_attn.o, 22.14929711222244
dyck_languages, 16_attn.q, 22.14945331748507
dyck_languages, 17_attn.k, 22.149285948711803
dyck_languages, 17_attn.o, 22.149441007968843
dyck_languages, 23_attn.o, 22.149082993604043
dyck_languages, 25_attn.q, 22.14942289575997
elementary_math_qa, 3_attn.k, 23.4577498191956
elementary_math_qa, 10_attn.v, 23.457832235049832
elementary_math_qa, 14_attn.o, 23.457833177043156
elementary_math_qa, 16_attn.v, 23.458140969491822
elementary_math_qa, 17_attn.o, 23.45807986738348
elementary_math_qa, 25_attn.v, 23.45783541328661
elementary_math_qa, 28_attn.o, 23.457909696961867
emoji_movie, 6_attn.v, 23.266238094993327
emoji_movie, 8_attn.q, 23.26606212408881
emoji_movie, 9_attn.v, 23.266184204524126
emoji_movie, 12_attn.o, 23.266177635508555
emoji_movie, 13_attn.k, 23.266214066069658
emoji_movie, 13_attn.v, 23.266040154340434
emoji_movie, 14_attn.v, 23.266054239986403
emoji_movie, 19_attn.q, 23.26608928721828
emoji_movie, 20_attn.q, 23.266552301955848
emoji_movie, 21_attn.o, 23.266159341717408
emoji_movie, 23_attn.q, 23.26647446315323
emoji_movie, 23_attn.k, 23.266324833139826
emoji_movie, 25_attn.v, 23.26600758937733
empirical_judgments, 3_attn.o, 15.778297048563891
empirical_judgments, 7_attn.k, 15.778166384680107
empirical_judgments, 15_attn.q, 15.778359861921505
empirical_judgments, 15_attn.v, 15.778239550796226
empirical_judgments, 15_attn.o, 15.778239488742273
empirical_judgments, 20_attn.q, 15.778373306014641
empirical_judgments, 22_attn.k, 15.778476505115226
empirical_judgments, 23_attn.o, 15.778327793617372
empirical_judgments, 26_attn.q, 15.77830827947372
empirical_judgments, 27_attn.o, 15.778287295878888
english_proverbs, 5_attn.v, 24.41148456612509
english_proverbs, 5_attn.o, 24.411576869116104
english_proverbs, 10_attn.k, 24.411878926893397
english_proverbs, 12_attn.q, 24.411505892512736
english_proverbs, 19_attn.o, 24.411363508083472
english_proverbs, 21_attn.q, 24.411305084144338
english_proverbs, 26_attn.k, 24.41138352915895
english_proverbs, 26_attn.v, 24.411090051215936
english_proverbs, 27_attn.v, 24.411094225813876
english_russian_proverbs, 5_attn.k, 24.41144091888222
english_russian_proverbs, 8_attn.k, 24.411149905638517
english_russian_proverbs, 10_attn.q, 24.411668010964256
english_russian_proverbs, 10_attn.o, 24.411448894193498
english_russian_proverbs, 13_attn.k, 24.41144671821031
english_russian_proverbs, 13_attn.o, 24.411500109006308
english_russian_proverbs, 17_attn.q, 24.41147617499002
english_russian_proverbs, 17_attn.o, 24.41183855004763
english_russian_proverbs, 20_attn.q, 24.41164388724907
english_russian_proverbs, 20_attn.v, 24.41150841718838
english_russian_proverbs, 22_attn.q, 24.411576793810813
english_russian_proverbs, 29_attn.v, 24.411277287924644
english_russian_proverbs, 29_attn.o, 24.411308262230996
entailed_polarity, 5_attn.q, 24.411249292592643
entailed_polarity, 9_attn.k, 24.411589095857714
entailed_polarity, 10_attn.q, 24.41167015661182
entailed_polarity, 15_attn.k, 24.411533979464348
entailed_polarity, 16_attn.v, 24.41174154339072
entailed_polarity, 22_attn.o, 24.411470605265286
entailed_polarity, 23_attn.o, 24.411368429288636
entailed_polarity, 27_attn.v, 24.41108296168238
entailed_polarity_hindi, 7_attn.q, 20.120719626739298
entailed_polarity_hindi, 9_attn.o, 20.120615440637632
entailed_polarity_hindi, 13_attn.k, 20.120628413461002
entailed_polarity_hindi, 13_attn.o, 20.120736768015508
entailed_polarity_hindi, 18_attn.q, 20.120599121802467
entailed_polarity_hindi, 21_attn.q, 20.120580958298795
entailed_polarity_hindi, 23_attn.q, 20.120856567503587
entailed_polarity_hindi, 27_attn.o, 20.120683828830572
entailed_polarity_hindi, 29_attn.q, 20.12061610266857
epistemic_reasoning, 9_attn.o, 23.64891548275133
epistemic_reasoning, 22_attn.k, 23.64955055258167
epistemic_reasoning, 24_attn.v, 23.649161012140606
epistemic_reasoning, 27_attn.o, 23.64932549352717
epistemic_reasoning, 28_attn.v, 23.64910872621534
evaluating_information_essentiality, 4_attn.k, 20.799413410142613
evaluating_information_essentiality, 9_attn.o, 20.799365440531147
evaluating_information_essentiality, 10_attn.q, 20.799537853063928
evaluating_information_essentiality, 11_attn.v, 20.799486447094868
evaluating_information_essentiality, 12_attn.o, 20.7995598547544
evaluating_information_essentiality, 15_attn.q, 20.79926336919233
evaluating_information_essentiality, 15_attn.k, 20.799565412663075
evaluating_information_essentiality, 19_attn.k, 20.799383640355234
evaluating_information_essentiality, 26_attn.o, 20.799330628745917
evaluating_information_essentiality, 27_attn.q, 20.799253746832772
evaluating_information_essentiality, 28_attn.o, 20.799340826549066
evaluating_information_essentiality, 30_attn.o, 20.799313747886696
fact_checker, 7_attn.o, 20.55538756305963
fact_checker, 8_attn.q, 20.55529490183171
fact_checker, 19_attn.q, 20.555369904468606
fact_checker, 22_attn.o, 20.55541321350855
fact_checker, 24_attn.k, 20.5552823691315
fact_checker, 30_attn.q, 20.555423237772413
fantasy_reasoning, 10_attn.q, 23.60159534758252
fantasy_reasoning, 10_attn.o, 23.601925552068717
fantasy_reasoning, 12_attn.k, 23.60172224037098
fantasy_reasoning, 17_attn.o, 23.60173733321692
fantasy_reasoning, 18_attn.k, 23.601602807165108
fantasy_reasoning, 19_attn.q, 23.601597215060405
fantasy_reasoning, 20_attn.v, 23.601734489073113
fantasy_reasoning, 25_attn.o, 23.601485381539167
fantasy_reasoning, 29_attn.o, 23.601455518451186
fantasy_reasoning, 30_attn.q, 23.60166513500456
figure_of_speech_detection, 4_attn.q, 24.41139671031093
figure_of_speech_detection, 5_attn.k, 24.411295392211354
figure_of_speech_detection, 6_attn.o, 24.411117212804303
figure_of_speech_detection, 8_attn.q, 24.41118656210522
figure_of_speech_detection, 15_attn.q, 24.411299370715355
figure_of_speech_detection, 16_attn.v, 24.411523710062088
figure_of_speech_detection, 20_attn.v, 24.41159675505158
figure_of_speech_detection, 25_attn.q, 24.4115532854758
figure_of_speech_detection, 29_attn.k, 24.411184991059866
formal_fallacies_syllogisms_negation, 4_attn.v, 24.22154315333224
formal_fallacies_syllogisms_negation, 8_attn.v, 24.22119288574391
formal_fallacies_syllogisms_negation, 13_attn.o, 24.221588670487712
formal_fallacies_syllogisms_negation, 26_attn.q, 24.221219744971442
formal_fallacies_syllogisms_negation, 26_attn.v, 24.221146580150723
formal_fallacies_syllogisms_negation, 27_attn.q, 24.22124239140682
formal_fallacies_syllogisms_negation, 29_attn.q, 24.22119761565331
general_knowledge, 4_attn.v, 24.0546673071447
general_knowledge, 5_attn.o, 24.05477565438887
general_knowledge, 9_attn.k, 24.054821437464575
general_knowledge, 12_attn.v, 24.05487737256262
general_knowledge, 15_attn.q, 24.05472913936612
general_knowledge, 19_attn.k, 24.054598305880344
general_knowledge, 23_attn.q, 24.05486611951851
general_knowledge, 23_attn.v, 24.054637622497456
general_knowledge, 28_attn.o, 24.054615907184797
general_knowledge, 29_attn.k, 24.054776290415724
geometric_shapes, 3_attn.o, 23.45809698415172
geometric_shapes, 4_attn.q, 23.45781164866998
geometric_shapes, 9_attn.k, 23.458009011569104
geometric_shapes, 14_attn.o, 23.457733900981744
geometric_shapes, 16_attn.q, 23.457832293480323
geometric_shapes, 17_attn.v, 23.4574785980508
geometric_shapes, 18_attn.v, 23.458147403426302
geometric_shapes, 22_attn.q, 23.45775573189491
geometric_shapes, 23_attn.o, 23.458001653656325
geometric_shapes, 27_attn.k, 23.458055708965077
geometric_shapes, 29_attn.k, 23.457965205330463
goal_step_wikihow, 3_attn.k, 22.766589939149867
goal_step_wikihow, 8_attn.v, 22.766661873991502
goal_step_wikihow, 13_attn.o, 22.766896630048677
goal_step_wikihow, 14_attn.v, 22.7666532698079
goal_step_wikihow, 16_attn.v, 22.766964991447896
goal_step_wikihow, 16_attn.o, 22.76671734441883
goal_step_wikihow, 18_attn.o, 22.76691643429876
goal_step_wikihow, 21_attn.v, 22.767182509168382
goal_step_wikihow, 22_attn.k, 22.767194497482674
goal_step_wikihow, 23_attn.q, 22.766995123546728
goal_step_wikihow, 24_attn.o, 22.76662990448554
goal_step_wikihow, 30_attn.o, 22.766870107294324
gre_reading_comprehension, 4_attn.o, 24.055061560429827
gre_reading_comprehension, 5_attn.k, 24.054745807801734
gre_reading_comprehension, 5_attn.o, 24.05495820325084
gre_reading_comprehension, 8_attn.k, 24.054827755772248
gre_reading_comprehension, 14_attn.k, 24.05471216202594
gre_reading_comprehension, 16_attn.q, 24.05482123619036
gre_reading_comprehension, 18_attn.q, 24.05510733239227
gre_reading_comprehension, 25_attn.v, 24.0548363739661
gre_reading_comprehension, 29_attn.q, 24.05483008694428
hhh_alignment, 3_attn.v, 21.390575772688628
hhh_alignment, 5_attn.o, 21.390772670725216
hhh_alignment, 6_attn.v, 21.390901677160553
hhh_alignment, 10_attn.q, 21.390839988147892
hhh_alignment, 11_attn.v, 21.390828335920105
hhh_alignment, 15_attn.q, 21.39047311407037
hhh_alignment, 15_attn.k, 21.390744719191236
hhh_alignment, 16_attn.v, 21.39085789818375
hhh_alignment, 17_attn.v, 21.390505070979223
hhh_alignment, 20_attn.v, 21.39080095729068
hhh_alignment, 23_attn.k, 21.390794197412237
hindu_knowledge, 6_attn.q, 23.78598179118672
hindu_knowledge, 8_attn.o, 23.78592344758181
hindu_knowledge, 15_attn.k, 23.785774640493976
hindu_knowledge, 16_attn.o, 23.785733013824828
hindu_knowledge, 20_attn.o, 23.78590598912372
hindu_knowledge, 23_attn.q, 23.78614458215568
hindu_knowledge, 24_attn.k, 23.785449891322692
hinglish_toxicity, 5_attn.q, 23.696988626513882
hinglish_toxicity, 5_attn.o, 23.697156440054087
hinglish_toxicity, 6_attn.q, 23.697399897074384
hinglish_toxicity, 9_attn.k, 23.697133035494364
hinglish_toxicity, 9_attn.v, 23.697013839088996
hinglish_toxicity, 11_attn.q, 23.697367796331086
hinglish_toxicity, 11_attn.v, 23.69733590708706
hinglish_toxicity, 13_attn.q, 23.697038809237068
hinglish_toxicity, 13_attn.k, 23.696999165989094
hinglish_toxicity, 13_attn.v, 23.69711666560005
hinglish_toxicity, 15_attn.v, 23.69723590646615
hinglish_toxicity, 18_attn.v, 23.697136690860187
hinglish_toxicity, 18_attn.o, 23.69727206778917
hinglish_toxicity, 21_attn.k, 23.697266545855108
hinglish_toxicity, 23_attn.q, 23.697380413250695
hinglish_toxicity, 24_attn.v, 23.697221570842515
hinglish_toxicity, 28_attn.v, 23.69703283167222
human_organs_senses, 3_attn.q, 24.411282206424307
human_organs_senses, 7_attn.q, 24.411339939439884
human_organs_senses, 8_attn.q, 24.411296124247116
human_organs_senses, 15_attn.q, 24.41138554627695
human_organs_senses, 21_attn.v, 24.41172987713698
hyperbaton, 3_attn.k, 24.220966984710387
hyperbaton, 4_attn.k, 24.221108540095727
hyperbaton, 24_attn.k, 24.221185839639443
hyperbaton, 26_attn.o, 24.221119294459054
hyperbaton, 27_attn.q, 24.221071159799347
hyperbaton, 27_attn.v, 24.22079438117205
hyperbaton, 29_attn.o, 24.22101932247707
hyperbaton, 30_attn.o, 24.220992445467772
identify_math_theorems, 9_attn.v, 22.61719856560761
identify_math_theorems, 10_attn.o, 22.61730876895251
identify_math_theorems, 13_attn.q, 22.617349795340324
identify_math_theorems, 17_attn.q, 22.61716806305674
identify_math_theorems, 25_attn.v, 22.617157527857636
identify_odd_metaphor, 4_attn.o, 24.411492281965078
identify_odd_metaphor, 8_attn.q, 24.411319710543527
identify_odd_metaphor, 9_attn.q, 24.411602763384245
identify_odd_metaphor, 11_attn.q, 24.411725581973045
identify_odd_metaphor, 13_attn.k, 24.411551274475013
identify_odd_metaphor, 18_attn.k, 24.4114295638333
identify_odd_metaphor, 23_attn.q, 24.411807968579083
identify_odd_metaphor, 23_attn.k, 24.411646923661884
identify_odd_metaphor, 25_attn.k, 24.41138642612065
identify_odd_metaphor, 27_attn.k, 24.411695350653616
implicatures, 8_attn.k, 24.411041408262346
implicatures, 10_attn.k, 24.41147637504482
implicatures, 11_attn.v, 24.41145408109952
implicatures, 14_attn.o, 24.41123516360535
implicatures, 23_attn.q, 24.411477977274046
implicit_relations, 5_attn.k, 24.411402310907544
implicit_relations, 11_attn.q, 24.411652577974806
implicit_relations, 12_attn.o, 24.411420308407155
implicit_relations, 14_attn.o, 24.41142198772647
implicit_relations, 15_attn.v, 24.41139467553044
implicit_relations, 18_attn.o, 24.411363189969805
implicit_relations, 21_attn.k, 24.41140494869237
implicit_relations, 26_attn.k, 24.411401670285425
implicit_relations, 27_attn.k, 24.411669119813833
implicit_relations, 30_attn.o, 24.411383662219958
indic_cause_and_effect, 3_attn.o, 17.643598941823505
indic_cause_and_effect, 5_attn.k, 17.643478991761047
indic_cause_and_effect, 7_attn.q, 17.643614326969946
indic_cause_and_effect, 7_attn.k, 17.643509678422994
indic_cause_and_effect, 13_attn.o, 17.643523588261996
indic_cause_and_effect, 15_attn.v, 17.64359534519263
indic_cause_and_effect, 16_attn.v, 17.643503465590417
indic_cause_and_effect, 21_attn.q, 17.643446398114556
indic_cause_and_effect, 24_attn.k, 17.643488983742223
intent_recognition, 6_attn.q, 21.374119136164158
intent_recognition, 7_attn.q, 21.374112613010958
intent_recognition, 8_attn.q, 21.373898078936456
intent_recognition, 9_attn.v, 21.373988066232993
intent_recognition, 14_attn.o, 21.37398724199891
intent_recognition, 16_attn.k, 21.373960494258124
intent_recognition, 18_attn.q, 21.37408512473454
intent_recognition, 24_attn.q, 21.37403629045993
intent_recognition, 24_attn.o, 21.373868905088816
intent_recognition, 26_attn.k, 21.373791702215176
intent_recognition, 27_attn.q, 21.37392396810031
international_phonetic_alphabet_nli, 3_attn.o, 19.772115438856645
international_phonetic_alphabet_nli, 8_attn.k, 19.77185208493666
international_phonetic_alphabet_nli, 8_attn.v, 19.772046061475862
international_phonetic_alphabet_nli, 9_attn.o, 19.771969066492133
international_phonetic_alphabet_nli, 20_attn.k, 19.77198118611219
international_phonetic_alphabet_nli, 22_attn.o, 19.77238399529384
international_phonetic_alphabet_nli, 24_attn.o, 19.771962352201076
international_phonetic_alphabet_nli, 27_attn.v, 19.771822510883606
international_phonetic_alphabet_nli, 27_attn.o, 19.77216768660623
international_phonetic_alphabet_nli, 29_attn.o, 19.771953535545904
intersect_geometry, 4_attn.q, 13.24454132758146
intersect_geometry, 4_attn.o, 13.244431067223255
intersect_geometry, 12_attn.v, 13.244495524274365
intersect_geometry, 16_attn.q, 13.244498619950681
intersect_geometry, 18_attn.q, 13.244396247418317
intersect_geometry, 21_attn.o, 13.244512070737839
intersect_geometry, 23_attn.k, 13.244512566393128
intersect_geometry, 23_attn.o, 13.244391962163872
intersect_geometry, 26_attn.k, 13.244419061871598
intersect_geometry, 27_attn.v, 13.244296486021925
intersect_geometry, 29_attn.v, 13.244453326280887
irony_identification, 5_attn.k, 24.41151386311549
irony_identification, 7_attn.v, 24.411585465282627
irony_identification, 10_attn.o, 24.411638771772395
irony_identification, 12_attn.v, 24.411693435005382
irony_identification, 13_attn.v, 24.41145285878023
irony_identification, 16_attn.q, 24.41152028575439
irony_identification, 19_attn.k, 24.41143253016539
irony_identification, 22_attn.q, 24.41143925835113
irony_identification, 23_attn.k, 24.411685472259602
irony_identification, 26_attn.v, 24.411383450266204
irony_identification, 29_attn.k, 24.411543781597803
kannada, 5_attn.k, 24.22128040131196
kannada, 7_attn.v, 24.221513566411744
kannada, 9_attn.o, 24.221353466123297
kannada, 13_attn.k, 24.221402283500048
kannada, 14_attn.o, 24.221184138538412
kannada, 16_attn.o, 24.221047932158402
kannada, 18_attn.v, 24.221382222890277
kannada, 20_attn.k, 24.221127119397746
kannada, 30_attn.o, 24.221261657448654
key_value_maps, 5_attn.q, 24.411311917738452
key_value_maps, 19_attn.v, 24.411268875552096
key_value_maps, 26_attn.o, 24.411520868707534
key_value_maps, 29_attn.q, 24.411357231284587
known_unknowns, 5_attn.q, 24.411241545653546
known_unknowns, 6_attn.q, 24.411904415980302
known_unknowns, 6_attn.o, 24.411327297907462
known_unknowns, 7_attn.q, 24.411417075430744
known_unknowns, 8_attn.v, 24.41125843984638
known_unknowns, 9_attn.k, 24.41141764262665
known_unknowns, 11_attn.k, 24.41140758879603
known_unknowns, 12_attn.q, 24.411510266648026
known_unknowns, 15_attn.k, 24.411479459178903
known_unknowns, 16_attn.q, 24.411488513639434
known_unknowns, 17_attn.k, 24.41137147213215
known_unknowns, 21_attn.q, 24.411379618811555
known_unknowns, 24_attn.v, 24.411461652485766
known_unknowns, 25_attn.k, 24.411393202421493
known_unknowns, 28_attn.q, 24.411220499225113
known_unknowns, 28_attn.o, 24.41148856858914
language_identification, 6_attn.o, 23.53428737297126
language_identification, 7_attn.v, 23.534411815554222
language_identification, 8_attn.k, 23.534401782189793
language_identification, 8_attn.o, 23.53453244941334
language_identification, 9_attn.o, 23.534529817527606
language_identification, 16_attn.v, 23.534853739095652
language_identification, 23_attn.o, 23.53467799397142
language_identification, 24_attn.v, 23.53457070324445
language_identification, 25_attn.o, 23.534293581593353
logic_grid_puzzle, 10_attn.o, 21.06252206155519
logic_grid_puzzle, 11_attn.q, 21.062762947508535
logic_grid_puzzle, 12_attn.q, 21.06276517526858
logic_grid_puzzle, 21_attn.k, 21.062803885697065
logic_grid_puzzle, 22_attn.v, 21.062493455087584
logic_grid_puzzle, 23_attn.o, 21.062622844146567
logical_args, 3_attn.q, 0.012499733307179482
logical_args, 3_attn.k, 0.012499660505308579
logical_args, 3_attn.v, 0.012499716221018909
logical_args, 3_attn.o, 0.01249982393824945
logical_args, 4_attn.q, 0.012499793480208757
logical_args, 4_attn.k, 0.012499753364872142
logical_args, 4_attn.v, 0.012499892282969556
logical_args, 4_attn.o, 0.012499748907608545
logical_args, 5_attn.q, 0.012499631533057177
logical_args, 5_attn.k, 0.012499720678302986
logical_args, 5_attn.v, 0.012499813537914479
logical_args, 5_attn.o, 0.012499802394760303
logical_args, 6_attn.q, 0.012499791994484002
logical_args, 6_attn.k, 0.012499707306482973
logical_args, 6_attn.v, 0.012499951713174754
logical_args, 6_attn.o, 0.012499723649768436
logical_args, 7_attn.q, 0.012499750393361308
logical_args, 7_attn.k, 0.01249960850386442
logical_args, 7_attn.v, 0.012499789022967632
logical_args, 7_attn.o, 0.01249980388052015
logical_args, 8_attn.q, 0.012499653819376599
logical_args, 8_attn.k, 0.012499739250206688
logical_args, 8_attn.v, 0.012499657533730774
logical_args, 8_attn.o, 0.01249977267968073
logical_args, 9_attn.q, 0.012499630790187937
logical_args, 9_attn.k, 0.012499820223782588
logical_args, 9_attn.v, 0.012499653076406183
logical_args, 9_attn.o, 0.01249961221820575
logical_args, 10_attn.q, 0.012499850681693101
logical_args, 10_attn.k, 0.012499999999999956
logical_args, 10_attn.v, 0.012499725878395086
logical_args, 10_attn.o, 0.012499754850621582
logical_args, 11_attn.q, 0.01249988039681164
logical_args, 11_attn.k, 0.012499690963209242
logical_args, 11_attn.v, 0.012499858853497175
logical_args, 11_attn.o, 0.01249960256077467
logical_args, 12_attn.q, 0.012499794223087628
logical_args, 12_attn.k, 0.012499668676891592
logical_args, 12_attn.v, 0.012499791994484002
logical_args, 12_attn.o, 0.012499861824933622
logical_args, 13_attn.q, 0.012499751136237743
logical_args, 13_attn.k, 0.012499708792231527
logical_args, 13_attn.v, 0.012499693191828367
logical_args, 13_attn.o, 0.012499824681067327
logical_args, 14_attn.q, 0.012499557245414917
logical_args, 14_attn.k, 0.012499690963209242
logical_args, 14_attn.v, 0.012499729592801398
logical_args, 14_attn.o, 0.012499688734590893
logical_args, 15_attn.q, 0.01249959438923162
logical_args, 15_attn.k, 0.012499798680362295
logical_args, 15_attn.v, 0.012499653819376599
logical_args, 15_attn.o, 0.012499754107744704
logical_args, 16_attn.q, 0.012499748164732332
logical_args, 16_attn.k, 0.012499720678302986
logical_args, 16_attn.v, 0.012499893768611287
logical_args, 16_attn.o, 0.012499674619947136
logical_args, 17_attn.q, 0.012499722906926317
logical_args, 17_attn.k, 0.012499694677635146
logical_args, 17_attn.v, 0.01249949781502906
logical_args, 17_attn.o, 0.012499808337753524
logical_args, 18_attn.q, 0.012499748164732332
logical_args, 18_attn.k, 0.012499783822817193
logical_args, 18_attn.v, 0.01249979942324172
logical_args, 18_attn.o, 0.012499861824933622
logical_args, 19_attn.q, 0.012499806109114477
logical_args, 19_attn.k, 0.012499739250206688
logical_args, 19_attn.v, 0.012499600332171044
logical_args, 19_attn.o, 0.012499715478144467
logical_args, 20_attn.q, 0.01249982319530538
logical_args, 20_attn.k, 0.012499666448277007
logical_args, 20_attn.v, 0.012499784565720972
logical_args, 20_attn.o, 0.012499742964586984
logical_args, 21_attn.q, 0.01249966124817926
logical_args, 21_attn.k, 0.012499816509381038
logical_args, 21_attn.v, 0.012499918283560018
logical_args, 21_attn.o, 0.01249971324952158
logical_args, 22_attn.q, 0.012499735535828605
logical_args, 22_attn.k, 0.012499999257108686
logical_args, 22_attn.v, 0.012499761536514598
logical_args, 22_attn.o, 0.012499854396104394
logical_args, 23_attn.q, 0.012499904911756609
logical_args, 23_attn.k, 0.012499852910339568
logical_args, 23_attn.v, 0.012499644161957695
logical_args, 23_attn.o, 0.012499754107744704
logical_args, 24_attn.q, 0.012499783822817193
logical_args, 24_attn.k, 0.01249966124808716
logical_args, 24_attn.v, 0.012499720678267563
logical_args, 24_attn.o, 0.012499768965279177
logical_args, 25_attn.q, 0.012499742964601154
logical_args, 25_attn.k, 0.01249967239133255
logical_args, 25_attn.v, 0.012499683534484513
logical_args, 25_attn.o, 0.012499627818711417
logical_args, 26_attn.q, 0.01249968056292342
logical_args, 26_attn.k, 0.012499642676217552
logical_args, 26_attn.v, 0.012499586960402393
logical_args, 26_attn.o, 0.012499710278025577
logical_args, 27_attn.q, 0.012499642676217552
logical_args, 27_attn.k, 0.012499904168871095
logical_args, 27_attn.v, 0.012499527530236159
logical_args, 27_attn.o, 0.01249976302226891
logical_args, 28_attn.q, 0.012499595874966005
logical_args, 28_attn.k, 0.012499990342641824
logical_args, 28_attn.v, 0.012499711763773468
logical_args, 28_attn.o, 0.012499650105024641
logical_args, 29_attn.q, 0.012499726621300413
logical_args, 29_attn.k, 0.012499806851994012
logical_args, 29_attn.v, 0.012499690963209242
logical_args, 29_attn.o, 0.012499674619947136
logical_args, 30_attn.q, 0.012499865539248829
logical_args, 30_attn.k, 0.012499768965279177
logical_args, 30_attn.v, 0.012499828395406445
logical_args, 30_attn.o, 0.01249970582073486
logical_deduction, 8_attn.o, 24.33537908539832
logical_deduction, 10_attn.q, 24.335525334696033
logical_deduction, 12_attn.q, 24.335443650839466
logical_deduction, 13_attn.v, 24.33519185385727
logical_deduction, 18_attn.k, 24.33550978502304
logical_deduction, 22_attn.v, 24.335192001154038
logical_deduction, 23_attn.o, 24.33520145294453
logical_fallacy_detection, 5_attn.q, 19.418556362528044
logical_fallacy_detection, 8_attn.o, 19.418790331715165
logical_fallacy_detection, 9_attn.o, 19.418452815830012
logical_fallacy_detection, 11_attn.o, 19.418606569740813
logical_fallacy_detection, 16_attn.k, 19.418654837469674
logical_fallacy_detection, 18_attn.k, 19.418761252565808
logical_fallacy_detection, 21_attn.k, 19.41880283573023
logical_fallacy_detection, 22_attn.v, 19.418631310364226
logical_fallacy_detection, 24_attn.q, 19.418718813620988
logical_fallacy_detection, 27_attn.o, 19.418758325600717
logical_sequence, 7_attn.o, 21.893049519865617
logical_sequence, 15_attn.v, 21.892905849652877
logical_sequence, 26_attn.o, 21.892885589091804
logical_sequence, 27_attn.o, 21.89291692940611
logical_sequence, 28_attn.v, 21.892844735078715
logical_sequence, 29_attn.v, 21.89283000630393
mathematical_induction, 7_attn.q, 24.054848007969614
mathematical_induction, 9_attn.k, 24.054847867325016
mathematical_induction, 23_attn.v, 24.054594919675804
mathematical_induction, 24_attn.k, 24.054786753629145
mathematical_induction, 28_attn.k, 24.055173489411676
medical_questions_russian, 19_attn.q, 24.411415765022475
medical_questions_russian, 20_attn.q, 24.411437947821778
medical_questions_russian, 24_attn.q, 24.41151230343418
medical_questions_russian, 25_attn.q, 24.411469487605107
medical_questions_russian, 29_attn.o, 24.41131280133031
metaphor_boolean, 5_attn.k, 23.266098390640693
metaphor_boolean, 6_attn.k, 23.266229712759916
metaphor_boolean, 8_attn.q, 23.266108611568143
metaphor_boolean, 10_attn.k, 23.2664301066057
metaphor_boolean, 12_attn.v, 23.266332962298176
metaphor_boolean, 14_attn.k, 23.26606763830452
metaphor_boolean, 20_attn.v, 23.266314877250288
metaphor_boolean, 21_attn.k, 23.266499598717907
metaphor_boolean, 26_attn.q, 23.26613631323597
metaphor_boolean, 27_attn.v, 23.265918580708572
metaphor_boolean, 27_attn.o, 23.266239035673237
metaphor_boolean, 29_attn.k, 23.266258114763257
metaphor_understanding, 6_attn.o, 24.03904308899208
metaphor_understanding, 8_attn.k, 24.039276439167903
metaphor_understanding, 9_attn.v, 24.039146019938755
metaphor_understanding, 20_attn.q, 24.039507882783468
metaphor_understanding, 20_attn.v, 24.039259733662327
metaphor_understanding, 23_attn.v, 24.039176766344013
metaphor_understanding, 30_attn.q, 24.03937320627186
misconceptions, 5_attn.o, 19.566788358207692
misconceptions, 8_attn.q, 19.566805698755253
misconceptions, 9_attn.k, 19.566971019102926
misconceptions, 11_attn.k, 19.5668456489848
misconceptions, 11_attn.v, 19.56694871585257
misconceptions, 12_attn.q, 19.56689677148993
misconceptions, 12_attn.k, 19.567004593186066
misconceptions, 20_attn.v, 19.566829779194663
misconceptions, 23_attn.v, 19.56674369094636
misconceptions, 26_attn.k, 19.566616770088867
misconceptions, 28_attn.k, 19.566776026594837
misconceptions, 30_attn.v, 19.56709314092716
mnist_ascii, 5_attn.q, 23.839789692771088
mnist_ascii, 5_attn.v, 23.84014319108438
mnist_ascii, 7_attn.k, 23.839816112845252
mnist_ascii, 8_attn.q, 23.839758135306457
mnist_ascii, 10_attn.k, 23.84032036380865
mnist_ascii, 11_attn.q, 23.840355149965323
mnist_ascii, 11_attn.v, 23.839934407295306
mnist_ascii, 14_attn.q, 23.839562146897563
mnist_ascii, 17_attn.q, 23.839966495627042
mnist_ascii, 18_attn.k, 23.84002233479412
mnist_ascii, 20_attn.q, 23.840013115972067
mnist_ascii, 20_attn.o, 23.8398542579223
mnist_ascii, 22_attn.k, 23.84007578592611
mnist_ascii, 25_attn.v, 23.83974786186118
mnist_ascii, 27_attn.q, 23.839694774682
mnist_ascii, 28_attn.q, 23.83967792374168
moral_permissibility, 3_attn.k, 24.221144125150925
moral_permissibility, 6_attn.k, 24.22132703589888
moral_permissibility, 9_attn.v, 24.221208811087614
moral_permissibility, 11_attn.o, 24.22110461925518
moral_permissibility, 13_attn.k, 24.2212638052144
moral_permissibility, 16_attn.k, 24.221322149016633
moral_permissibility, 21_attn.q, 24.221295765655302
moral_permissibility, 24_attn.v, 24.221515724308798
moral_permissibility, 30_attn.v, 24.221446407931754
movie_dialog_same_or_different, 15_attn.k, 24.221482765231755
movie_dialog_same_or_different, 16_attn.o, 24.2212764065331
movie_dialog_same_or_different, 17_attn.q, 24.22117273659758
movie_dialog_same_or_different, 18_attn.k, 24.22153253671564
movie_dialog_same_or_different, 19_attn.v, 24.221089161092795
movie_dialog_same_or_different, 26_attn.k, 24.221230470602645
movie_dialog_same_or_different, 27_attn.v, 24.220967211137484
movie_dialog_same_or_different, 30_attn.k, 24.221572385480258
movie_recommendation, 3_attn.o, 18.355012596796904
movie_recommendation, 6_attn.q, 18.355268622762004
movie_recommendation, 7_attn.q, 18.354903872509524
movie_recommendation, 8_attn.k, 18.354912896508925
movie_recommendation, 11_attn.v, 18.355031109642553
movie_recommendation, 17_attn.o, 18.355028171684868
movie_recommendation, 23_attn.o, 18.354987619408345
movie_recommendation, 26_attn.q, 18.354801561640254
movie_recommendation, 27_attn.k, 18.355062978311295
movie_recommendation, 30_attn.q, 18.35497201643718
movie_recommendation, 30_attn.v, 18.35509513269447
navigate, 6_attn.q, 21.52972417124056
navigate, 6_attn.o, 21.529213574701412
navigate, 9_attn.q, 21.52935246416553
navigate, 10_attn.q, 21.529205956506537
navigate, 10_attn.v, 21.529585212452687
navigate, 12_attn.o, 21.529475929913684
navigate, 13_attn.k, 21.529205435153713
navigate, 17_attn.q, 21.52910814592509
navigate, 22_attn.v, 21.52933061320761
navigate, 23_attn.v, 21.529248167539606
navigate, 25_attn.q, 21.52935912513674
navigate, 26_attn.v, 21.52917653362367
navigate, 29_attn.v, 21.529222564612354
navigate, 30_attn.q, 21.529372007462097
nonsense_words_grammar, 10_attn.o, 24.411649458935322
nonsense_words_grammar, 12_attn.q, 24.411576113052238
nonsense_words_grammar, 12_attn.v, 24.41163396208663
nonsense_words_grammar, 14_attn.k, 24.41127908709883
nonsense_words_grammar, 15_attn.v, 24.41142336888911
nonsense_words_grammar, 18_attn.k, 24.411642505523883
nonsense_words_grammar, 19_attn.v, 24.41124096193977
nonsense_words_grammar, 22_attn.k, 24.411793050656957
nonsense_words_grammar, 26_attn.v, 24.411323978381258
novel_concepts, 3_attn.v, 20.79915955619342
novel_concepts, 4_attn.o, 20.799398812620282
novel_concepts, 19_attn.q, 20.799300768944605
novel_concepts, 20_attn.v, 20.7995749863623
novel_concepts, 21_attn.v, 20.79956586630248
novel_concepts, 22_attn.k, 20.79959579874837
novel_concepts, 24_attn.q, 20.799495027761985
novel_concepts, 27_attn.q, 20.799289329917972
odd_one_out, 3_attn.k, 24.075822747607212
odd_one_out, 5_attn.q, 24.075814528903763
odd_one_out, 9_attn.o, 24.075639517531744
odd_one_out, 11_attn.o, 24.07555289730623
odd_one_out, 13_attn.k, 24.075918343661172
odd_one_out, 15_attn.q, 24.075801651072588
odd_one_out, 21_attn.o, 24.075815292679206
odd_one_out, 23_attn.k, 24.07587348817902
odd_one_out, 28_attn.v, 24.075790910275703
odd_one_out, 29_attn.v, 24.075728384217122
parsinlu_qa, 3_attn.q, 21.451655649535915
parsinlu_qa, 4_attn.q, 21.451629744587677
parsinlu_qa, 4_attn.o, 21.45185841717732
parsinlu_qa, 10_attn.o, 21.45205040064825
parsinlu_qa, 11_attn.o, 21.451431921658955
parsinlu_qa, 12_attn.k, 21.45142332755029
parsinlu_qa, 18_attn.k, 21.45169674718806
parsinlu_qa, 19_attn.k, 21.45179642916134
parsinlu_qa, 26_attn.o, 21.451535523221917
penguins_in_a_table, 7_attn.v, 24.21480585101078
penguins_in_a_table, 10_attn.v, 24.214338262380753
penguins_in_a_table, 24_attn.q, 24.21459200730041
penguins_in_a_table, 26_attn.o, 24.214472069497056
penguins_in_a_table, 29_attn.k, 24.214601995298622
persian_idioms, 12_attn.o, 23.697216629586386
persian_idioms, 22_attn.q, 23.69697056046165
persian_idioms, 25_attn.k, 23.696978909747287
persian_idioms, 26_attn.q, 23.69685273293533
persian_idioms, 27_attn.q, 23.696897779462592
phrase_relatedness, 6_attn.k, 24.411451724500186
phrase_relatedness, 9_attn.k, 24.41166804577192
phrase_relatedness, 12_attn.v, 24.41165481274595
phrase_relatedness, 18_attn.o, 24.411412734453954
phrase_relatedness, 23_attn.v, 24.411292922368503
phrase_relatedness, 27_attn.k, 24.411648503884795
physical_intuition, 4_attn.k, 24.411382070335684
physical_intuition, 5_attn.k, 24.411283711602053
physical_intuition, 5_attn.o, 24.411429636183765
physical_intuition, 7_attn.v, 24.411331926359065
physical_intuition, 16_attn.o, 24.411236131105184
physical_intuition, 20_attn.q, 24.411720541784664
physical_intuition, 26_attn.o, 24.411252116779227
physical_intuition, 27_attn.o, 24.41131498156993
physical_intuition, 29_attn.k, 24.411383788770046
physical_intuition, 29_attn.o, 24.411151056537392
physics, 4_attn.o, 24.41153171303844
physics, 10_attn.q, 24.411765225691692
physics, 24_attn.q, 24.41162836401814
physics, 29_attn.v, 24.41144466080534
play_dialog_same_or_different, 3_attn.v, 20.750596589156043
play_dialog_same_or_different, 8_attn.q, 20.750363020667635
play_dialog_same_or_different, 10_attn.v, 20.750541487555996
play_dialog_same_or_different, 12_attn.k, 20.750455861762998
play_dialog_same_or_different, 24_attn.v, 20.75042418925975
presuppositions_as_nli, 4_attn.q, 19.77201485425545
presuppositions_as_nli, 4_attn.v, 19.772246614137288
presuppositions_as_nli, 22_attn.k, 19.7724049206188
question_selection, 3_attn.o, 16.851233910738703
question_selection, 5_attn.v, 16.85124843805645
question_selection, 12_attn.k, 16.85106735900802
question_selection, 13_attn.v, 16.8510889242185
question_selection, 14_attn.q, 16.851019787176266
question_selection, 24_attn.q, 16.851212890294057
question_selection, 28_attn.v, 16.851268337521667
question_selection, 29_attn.v, 16.851192861258852
question_selection, 30_attn.k, 16.85122610667495
question_selection, 30_attn.v, 16.851260123055507
reasoning_about_colored_objects, 3_attn.k, 24.33522810984742
reasoning_about_colored_objects, 5_attn.o, 24.33555806503542
reasoning_about_colored_objects, 6_attn.k, 24.335528989229868
reasoning_about_colored_objects, 9_attn.o, 24.335345904225193
reasoning_about_colored_objects, 13_attn.o, 24.33547149705789
reasoning_about_colored_objects, 14_attn.q, 24.335149246123642
reasoning_about_colored_objects, 14_attn.o, 24.335315848370012
reasoning_about_colored_objects, 17_attn.k, 24.335372454973875
riddle_sense, 3_attn.v, 24.41124125252424
riddle_sense, 7_attn.o, 24.411537115451214
riddle_sense, 8_attn.q, 24.41122039051179
riddle_sense, 9_attn.v, 24.41134961490065
riddle_sense, 12_attn.q, 24.411450942705326
riddle_sense, 12_attn.v, 24.41162572396397
riddle_sense, 14_attn.v, 24.411211459842672
riddle_sense, 16_attn.v, 24.41155753872647
riddle_sense, 21_attn.q, 24.411273522213058
riddle_sense, 21_attn.o, 24.411207022377983
riddle_sense, 28_attn.o, 24.4112655389931
ruin_names, 3_attn.v, 22.88205595887758
ruin_names, 4_attn.q, 22.882210050636132
ruin_names, 4_attn.k, 22.882248560044754
ruin_names, 4_attn.v, 22.88229617168178
ruin_names, 11_attn.k, 22.882089479168954
ruin_names, 13_attn.q, 22.882245227089506
ruin_names, 13_attn.v, 22.88199386992049
ruin_names, 15_attn.v, 22.88213017255766
ruin_names, 17_attn.v, 22.88199720404611
ruin_names, 20_attn.k, 22.88221057351344
ruin_names, 25_attn.o, 22.882001581795414
salient_translation_error_detection, 7_attn.q, 23.95458162269451
salient_translation_error_detection, 8_attn.k, 23.95484205290155
salient_translation_error_detection, 13_attn.q, 23.954875770838065
salient_translation_error_detection, 24_attn.v, 23.954555897064125
salient_translation_error_detection, 28_attn.v, 23.954570828104455
sentence_ambiguity, 12_attn.o, 24.41172028298234
sentence_ambiguity, 15_attn.q, 24.41151917031397
sentence_ambiguity, 16_attn.v, 24.411673351848687
sentence_ambiguity, 22_attn.v, 24.41154801313833
sentence_ambiguity, 28_attn.v, 24.411625471226177
similarities_abstraction, 6_attn.v, 24.41128694873218
similarities_abstraction, 7_attn.v, 24.411373437660025
similarities_abstraction, 8_attn.k, 24.41140839493916
similarities_abstraction, 10_attn.q, 24.411505540244267
similarities_abstraction, 11_attn.v, 24.411493658744778
similarities_abstraction, 17_attn.v, 24.41112247364337
similarities_abstraction, 18_attn.v, 24.411381611807148
similarities_abstraction, 19_attn.v, 24.411135183282266
similarities_abstraction, 20_attn.o, 24.411433395860858
similarities_abstraction, 21_attn.v, 24.411463052478183
similarities_abstraction, 29_attn.k, 24.41130836780606
simple_ethical_questions, 5_attn.v, 24.411441167369226
simple_ethical_questions, 13_attn.v, 24.411373313402958
simple_ethical_questions, 17_attn.k, 24.41141724475385
simple_ethical_questions, 19_attn.o, 24.411460429293978
simple_ethical_questions, 26_attn.q, 24.411261026966166
simple_ethical_questions, 26_attn.k, 24.411340129961367
simple_ethical_questions, 28_attn.q, 24.411266271075956
simple_ethical_questions, 30_attn.q, 24.41159356917231
snarks, 3_attn.k, 15.323917084363067
snarks, 12_attn.o, 15.324113914319112
snarks, 14_attn.k, 15.323936102289348
snarks, 18_attn.k, 15.324027561735551
snarks, 24_attn.q, 15.32402209203663
snarks, 28_attn.k, 15.324179372083464
social_iqa, 4_attn.q, 22.110589355983283
social_iqa, 4_attn.v, 22.110817285523034
social_iqa, 13_attn.o, 22.110777036842137
social_iqa, 14_attn.o, 22.11064408440232
social_iqa, 15_attn.q, 22.110504146982496
social_iqa, 20_attn.k, 22.11058943741138
social_iqa, 23_attn.k, 22.11077509852864
social_iqa, 23_attn.o, 22.11068308909583
social_iqa, 30_attn.v, 22.11089278596973
social_support, 4_attn.k, 23.26641269188221
social_support, 4_attn.v, 23.266618256491956
social_support, 5_attn.k, 23.266320363014888
social_support, 5_attn.o, 23.266457784250523
social_support, 7_attn.k, 23.266075592941082
social_support, 10_attn.q, 23.266555891790855
social_support, 12_attn.v, 23.266465793976458
social_support, 13_attn.k, 23.266259670795442
social_support, 14_attn.k, 23.266222753622312
social_support, 14_attn.v, 23.266211271268048
social_support, 15_attn.k, 23.26647211738997
social_support, 19_attn.q, 23.26626860517062
social_support, 22_attn.q, 23.266250711880197
social_support, 22_attn.k, 23.266791470094883
social_support, 28_attn.v, 23.2662483630988
sports_understanding, 6_attn.q, 19.772483731388768
sports_understanding, 8_attn.o, 19.772424376975827
sports_understanding, 12_attn.v, 19.772387610568423
sports_understanding, 15_attn.k, 19.772321814771527
sports_understanding, 16_attn.v, 19.772328018602536
sports_understanding, 18_attn.q, 19.772270590840915
sports_understanding, 19_attn.q, 19.77218835172618
sports_understanding, 19_attn.o, 19.77220498119235
sports_understanding, 21_attn.q, 19.77217721635361
sports_understanding, 23_attn.k, 19.772386091896916
sports_understanding, 23_attn.v, 19.77207495023248
strange_stories, 9_attn.k, 17.918149945987185
strange_stories, 10_attn.v, 17.918134040299282
strange_stories, 10_attn.o, 17.91833540503416
strange_stories, 11_attn.v, 17.91814573472826
strange_stories, 12_attn.k, 17.917843155639982
strange_stories, 13_attn.q, 17.91794821201197
strange_stories, 15_attn.k, 17.918114985071348
strange_stories, 17_attn.o, 17.918040025430106
strange_stories, 18_attn.k, 17.918110561292405
strange_stories, 22_attn.k, 17.918200754599756
strange_stories, 25_attn.v, 17.917946735538173
strange_stories, 28_attn.o, 17.917943682618827
strategyqa, 5_attn.k, 22.303927556817158
strategyqa, 8_attn.k, 22.303960774988564
strategyqa, 10_attn.q, 22.303915740352302
strategyqa, 10_attn.o, 22.304141410810228
strategyqa, 12_attn.k, 22.304275673797054
strategyqa, 12_attn.v, 22.30421367368241
strategyqa, 15_attn.k, 22.30405022030493
strategyqa, 17_attn.o, 22.30428444660324
strategyqa, 18_attn.v, 22.304208460861574
strategyqa, 21_attn.q, 22.304157209123595
strategyqa, 21_attn.k, 22.304053773646555
strategyqa, 25_attn.v, 22.30399404620433
strategyqa, 26_attn.v, 22.30394428464341
strategyqa, 28_attn.o, 22.304126704102554
strategyqa, 30_attn.q, 22.30415213342635
strategyqa, 30_attn.o, 22.30399345530662
suicide_risk, 8_attn.q, 18.96124560048315
suicide_risk, 10_attn.o, 18.961618512714885
suicide_risk, 11_attn.v, 18.961471967954893
suicide_risk, 13_attn.v, 18.961207314875047
suicide_risk, 15_attn.o, 18.96142744485786
suicide_risk, 18_attn.k, 18.961434404834066
suicide_risk, 19_attn.q, 18.9614009295529
suicide_risk, 27_attn.v, 18.961070321495747
suicide_risk, 30_attn.v, 18.961357225970215
swahili_english_proverbs, 3_attn.o, 23.45822196284829
swahili_english_proverbs, 6_attn.v, 23.45800412726522
swahili_english_proverbs, 20_attn.q, 23.45796223849617
swedish_to_german_proverbs, 9_attn.o, 24.41126445445121
swedish_to_german_proverbs, 12_attn.q, 24.41150018496126
swedish_to_german_proverbs, 22_attn.v, 24.411317736624735
swedish_to_german_proverbs, 25_attn.k, 24.411429893455455
swedish_to_german_proverbs, 26_attn.q, 24.411228558286755
symbol_interpretation, 5_attn.k, 24.068979379007793
symbol_interpretation, 5_attn.o, 24.06912274916225
symbol_interpretation, 7_attn.v, 24.069280003192688
symbol_interpretation, 9_attn.v, 24.069022985052992
symbol_interpretation, 16_attn.o, 24.068840901090667
symbol_interpretation, 20_attn.o, 24.06890137372891
symbol_interpretation, 25_attn.v, 24.068931621043834
symbol_interpretation, 30_attn.o, 24.06893750318423
temporal_sequences, 3_attn.k, 10.157653126318232
temporal_sequences, 7_attn.q, 10.157776343618705
temporal_sequences, 8_attn.v, 10.157698686119478
temporal_sequences, 9_attn.k, 10.15782051851689
temporal_sequences, 15_attn.q, 10.157667751222453
temporal_sequences, 17_attn.q, 10.157682455685642
temporal_sequences, 21_attn.v, 10.157780517261964
temporal_sequences, 23_attn.o, 10.157650817656565
temporal_sequences, 25_attn.q, 10.157706706355354
temporal_sequences, 27_attn.o, 10.157720164603592
timedial, 9_attn.k, 17.44569286758154
timedial, 15_attn.q, 17.445515514794852
timedial, 17_attn.q, 17.445531869616246
timedial, 17_attn.o, 17.445552243276975
timedial, 20_attn.v, 17.44548206243972
timedial, 23_attn.q, 17.445744911680833
timedial, 23_attn.v, 17.445464070660112
timedial, 26_attn.o, 17.445553489042585
timedial, 29_attn.q, 17.445498779005444
tracking_shuffled_objects, 4_attn.v, 24.33556495497116
tracking_shuffled_objects, 5_attn.k, 24.33531859406566
tracking_shuffled_objects, 11_attn.o, 24.335070946357135
tracking_shuffled_objects, 12_attn.k, 24.33520627927252
tracking_shuffled_objects, 14_attn.q, 24.335031820590302
tracking_shuffled_objects, 19_attn.v, 24.33503624605542
tracking_shuffled_objects, 19_attn.o, 24.335228154393235
tracking_shuffled_objects, 20_attn.o, 24.335426385277202
tracking_shuffled_objects, 22_attn.o, 24.335299231310014
tracking_shuffled_objects, 25_attn.o, 24.33514700845525
tracking_shuffled_objects, 28_attn.o, 24.335161895028232
tracking_shuffled_objects, 29_attn.q, 24.33519393917017
understanding_fables, 13_attn.v, 23.93805005290645
understanding_fables, 14_attn.q, 23.93792097353016
understanding_fables, 19_attn.q, 23.938331739754094
understanding_fables, 25_attn.v, 23.938107778477836
understanding_fables, 26_attn.q, 23.938031962001077
undo_permutation, 3_attn.k, 17.52456505208923
undo_permutation, 5_attn.k, 17.52465027459349
undo_permutation, 10_attn.k, 17.524858422958296
undo_permutation, 17_attn.o, 17.52485120842734
undo_permutation, 20_attn.v, 17.524747186864843
undo_permutation, 22_attn.v, 17.5245895346525
undo_permutation, 25_attn.v, 17.52462766249305
undo_permutation, 30_attn.k, 17.524725829609206
undo_permutation, 30_attn.o, 17.524697154512083
unit_interpretation, 3_attn.o, 24.411654855154534
unit_interpretation, 4_attn.v, 24.41140665973265
unit_interpretation, 8_attn.q, 24.41123745898518
unit_interpretation, 13_attn.k, 24.411305315873925
unit_interpretation, 17_attn.q, 24.411404932631754
unit_interpretation, 18_attn.k, 24.411651336377492
unit_interpretation, 20_attn.k, 24.41156600366298
unit_interpretation, 26_attn.q, 24.41124315977643
unit_interpretation, 27_attn.q, 24.411219140402597
unit_interpretation, 29_attn.o, 24.41121363306513
unit_interpretation, 30_attn.q, 24.411552312700884
unit_interpretation, 30_attn.k, 24.41134027922064
vitaminc_fact_verification, 3_attn.k, 22.265163362199974
vitaminc_fact_verification, 6_attn.v, 22.26573963798252
vitaminc_fact_verification, 9_attn.v, 22.265220350566608
vitaminc_fact_verification, 9_attn.o, 22.265164998397243
vitaminc_fact_verification, 11_attn.v, 22.265303438168417
vitaminc_fact_verification, 15_attn.k, 22.265449478563998
vitaminc_fact_verification, 28_attn.k, 22.265559907381647
what_is_the_tao, 4_attn.k, 20.066379056775272
what_is_the_tao, 6_attn.o, 20.066128102295423
what_is_the_tao, 11_attn.o, 20.066129361797056
what_is_the_tao, 17_attn.k, 20.066235349552738
what_is_the_tao, 18_attn.o, 20.066381357627233
what_is_the_tao, 20_attn.o, 20.066312848429632
what_is_the_tao, 25_attn.v, 20.066136972665895
winowhy, 7_attn.v, 22.110679278379365
winowhy, 9_attn.q, 22.110627454536516
winowhy, 9_attn.k, 22.110829165706633
winowhy, 16_attn.v, 22.110815643747536
winowhy, 19_attn.v, 22.110392227994872
winowhy, 20_attn.o, 22.110608700985626
winowhy, 24_attn.q, 22.11088290701698
abstract_algebra, 5_attn.k, 23.37101237077254
abstract_algebra, 15_attn.q, 23.371085203079815
abstract_algebra, 17_attn.o, 23.371188296928615
abstract_algebra, 20_attn.k, 23.370998724527542
abstract_algebra, 30_attn.k, 23.37096109555318
anatomy, 6_attn.k, 23.184371243806485
anatomy, 13_attn.q, 23.1841514005256
anatomy, 13_attn.v, 23.184051323213268
anatomy, 25_attn.v, 23.183996725552884
anatomy, 26_attn.o, 23.184012133233878
astronomy, 3_attn.o, 22.978550638334532
astronomy, 9_attn.o, 22.97816171378143
astronomy, 11_attn.q, 22.97884394778914
astronomy, 12_attn.v, 22.978671887368723
astronomy, 15_attn.k, 22.978458464267426
astronomy, 16_attn.v, 22.97858418530208
astronomy, 22_attn.k, 22.97868433413677
astronomy, 28_attn.o, 22.978337822452044
astronomy, 29_attn.o, 22.978276064473228
business_ethics, 4_attn.k, 19.66512794798007
business_ethics, 4_attn.v, 19.665198000257853
business_ethics, 6_attn.o, 19.664921078162983
business_ethics, 11_attn.q, 19.665455543500585
business_ethics, 16_attn.q, 19.665058697636567
business_ethics, 16_attn.k, 19.665141559689484
business_ethics, 17_attn.q, 19.66508526851165
business_ethics, 17_attn.v, 19.664966690035275
business_ethics, 22_attn.k, 19.66529872567665
business_ethics, 25_attn.o, 19.664947488471363
business_ethics, 26_attn.k, 19.664898356592737
clinical_knowledge, 4_attn.k, 17.56981164978387
clinical_knowledge, 9_attn.q, 17.569671336929215
clinical_knowledge, 11_attn.q, 17.570061777055393
clinical_knowledge, 11_attn.k, 17.569765286175006
clinical_knowledge, 13_attn.q, 17.569742141410117
clinical_knowledge, 16_attn.k, 17.569841891363943
clinical_knowledge, 17_attn.q, 17.56981063966952
clinical_knowledge, 21_attn.o, 17.56971524473874
clinical_knowledge, 23_attn.q, 17.569958589870364
clinical_knowledge, 24_attn.k, 17.569640168844394
college_biology, 3_attn.k, 23.338098636786974
college_biology, 3_attn.o, 23.338363238196347
college_biology, 4_attn.k, 23.338321084059988
college_biology, 7_attn.v, 23.338317513058605
college_biology, 8_attn.v, 23.338150535780045
college_biology, 11_attn.q, 23.338684537341102
college_biology, 14_attn.o, 23.33822611201731
college_biology, 18_attn.o, 23.338368498861392
college_biology, 19_attn.o, 23.338209968911674
college_biology, 20_attn.v, 23.338378719681714
college_biology, 22_attn.q, 23.33818077535563
college_biology, 22_attn.v, 23.338304379605432
college_biology, 23_attn.o, 23.33824644639382
college_biology, 28_attn.q, 23.338115635323245
college_biology, 29_attn.k, 23.338478178698036
college_biology, 30_attn.o, 23.33858926176713
college_chemistry, 6_attn.o, 22.25562174229388
college_chemistry, 8_attn.o, 22.255932901140742
college_chemistry, 11_attn.o, 22.255664897971297
college_chemistry, 17_attn.v, 22.25566773953243
college_chemistry, 22_attn.q, 22.255649521189152
college_chemistry, 23_attn.v, 22.25574356201356
college_chemistry, 29_attn.k, 22.255908123983435
college_chemistry, 30_attn.v, 22.255965115037206
college_computer_science, 5_attn.o, 21.264359744099337
college_computer_science, 8_attn.q, 21.26414855923062
college_computer_science, 8_attn.o, 21.26434134518889
college_computer_science, 9_attn.o, 21.264084809360167
college_computer_science, 15_attn.v, 21.2641711334516
college_computer_science, 18_attn.o, 21.264219573920926
college_computer_science, 19_attn.o, 21.264141118777292
college_computer_science, 20_attn.v, 21.2643265441036
college_computer_science, 21_attn.q, 21.264151761791652
college_computer_science, 25_attn.v, 21.264180380109796
college_computer_science, 27_attn.o, 21.264282989564975
college_computer_science, 28_attn.o, 21.264223588317307
college_computer_science, 29_attn.q, 21.26425117140242
college_computer_science, 30_attn.v, 21.26453295427367
college_mathematics, 4_attn.q, 23.370846439069197
college_mathematics, 14_attn.q, 23.370680367229546
college_mathematics, 26_attn.v, 23.370829537684987
college_mathematics, 28_attn.o, 23.3708899895798
college_medicine, 5_attn.k, 23.109460320854463
college_medicine, 5_attn.o, 23.10950804709631
college_medicine, 12_attn.o, 23.109407732480182
college_medicine, 13_attn.k, 23.10940012765786
college_medicine, 21_attn.q, 23.10923232575957
college_medicine, 22_attn.v, 23.109358477208357
college_medicine, 24_attn.k, 23.109210097368788
college_medicine, 24_attn.o, 23.109284668487827
college_medicine, 25_attn.v, 23.109261725367578
college_medicine, 27_attn.o, 23.109422856609864
college_medicine, 30_attn.o, 23.109551750413207
college_physics, 4_attn.q, 23.370894495413733
college_physics, 6_attn.q, 23.37115195670296
college_physics, 12_attn.q, 23.371023165432106
college_physics, 12_attn.k, 23.370847084718886
college_physics, 13_attn.k, 23.371004633970028
college_physics, 16_attn.q, 23.37091501483551
college_physics, 17_attn.o, 23.371107267682035
college_physics, 22_attn.q, 23.370771697915128
college_physics, 27_attn.v, 23.370503789831048
college_physics, 30_attn.q, 23.37121486393246
computer_security, 3_attn.q, 21.264402255221004
computer_security, 6_attn.o, 21.264261717116142
computer_security, 13_attn.k, 21.264171724528108
computer_security, 14_attn.q, 21.264093154220735
computer_security, 18_attn.q, 21.264262640755927
computer_security, 19_attn.v, 21.26411459406605
computer_security, 21_attn.k, 21.264323949550057
computer_security, 23_attn.o, 21.26424255979066
computer_security, 25_attn.o, 21.264187373222597
computer_security, 26_attn.q, 21.26420379392988
conceptual_physics, 3_attn.v, 20.40510801110274
conceptual_physics, 7_attn.k, 20.40498914756729
conceptual_physics, 8_attn.o, 20.40531408072014
conceptual_physics, 15_attn.k, 20.40512972021907
conceptual_physics, 18_attn.k, 20.405225611348527
conceptual_physics, 20_attn.v, 20.40539656487617
conceptual_physics, 28_attn.v, 20.40505751429807
econometrics, 29_attn.k, 23.935807029367954
electrical_engineering, 10_attn.q, 22.25590310565264
electrical_engineering, 11_attn.q, 22.25608767216922
electrical_engineering, 11_attn.v, 22.256019246789375
electrical_engineering, 13_attn.v, 22.25586272835717
electrical_engineering, 19_attn.k, 22.255798084690333
electrical_engineering, 21_attn.v, 22.256155736254488
electrical_engineering, 26_attn.o, 22.25580343037306
electrical_engineering, 27_attn.k, 22.256063433261755
electrical_engineering, 29_attn.q, 22.255823064374848
elementary_mathematics, 3_attn.v, 24.16549849766674
elementary_mathematics, 5_attn.q, 24.16550985583999
elementary_mathematics, 6_attn.q, 24.16579383034673
elementary_mathematics, 7_attn.o, 24.165767241294606
elementary_mathematics, 10_attn.k, 24.165865300451465
elementary_mathematics, 16_attn.q, 24.16563786520413
elementary_mathematics, 20_attn.v, 24.16572064900607
elementary_mathematics, 21_attn.v, 24.165997916300714
elementary_mathematics, 26_attn.q, 24.165506839535162
elementary_mathematics, 29_attn.v, 24.165585588997768
elementary_mathematics, 30_attn.k, 24.165694848565714
formal_logic, 7_attn.o, 21.529422067703635
formal_logic, 11_attn.q, 21.529593803253487
formal_logic, 12_attn.o, 21.52960517201365
formal_logic, 26_attn.v, 21.52922330754288
formal_logic, 28_attn.v, 21.529263176366534
formal_logic, 30_attn.v, 21.529649540250478
global_facts, 3_attn.q, 20.359995424021804
global_facts, 5_attn.q, 20.35975385735878
global_facts, 9_attn.q, 20.359953218497306
global_facts, 13_attn.v, 20.35972387039288
global_facts, 16_attn.k, 20.359821062991642
global_facts, 21_attn.v, 20.360114723507365
global_facts, 23_attn.q, 20.360046945316956
global_facts, 29_attn.k, 20.359941808712836
global_facts, 30_attn.q, 20.359987776394593
high_school_biology, 5_attn.q, 21.650442956956855
high_school_biology, 9_attn.q, 21.65061699670981
high_school_biology, 10_attn.v, 21.650581682215456
high_school_biology, 17_attn.o, 21.650786184732173
high_school_biology, 20_attn.q, 21.650921230540355
high_school_biology, 20_attn.o, 21.65070203524934
high_school_biology, 28_attn.o, 21.650656071987857
high_school_chemistry, 5_attn.v, 23.89238567203382
high_school_chemistry, 12_attn.o, 23.892327222659265
high_school_chemistry, 14_attn.k, 23.89218633330992
high_school_chemistry, 14_attn.o, 23.892285036111264
high_school_chemistry, 16_attn.q, 23.892362940284567
high_school_chemistry, 27_attn.k, 23.892569624379117
high_school_chemistry, 27_attn.o, 23.89234125917709
high_school_computer_science, 5_attn.q, 19.90289320040379
high_school_computer_science, 6_attn.o, 19.902886100822766
high_school_computer_science, 7_attn.o, 19.903085200038323
high_school_computer_science, 9_attn.o, 19.902939455459787
high_school_computer_science, 13_attn.o, 19.90303928318692
high_school_computer_science, 22_attn.k, 19.903232280605025
high_school_computer_science, 23_attn.k, 19.903058547143548
high_school_computer_science, 23_attn.v, 19.90293548312413
high_school_computer_science, 24_attn.v, 19.90297751456766
high_school_computer_science, 27_attn.q, 19.90294668122091
high_school_computer_science, 28_attn.k, 19.90329435986545
high_school_computer_science, 30_attn.q, 19.9031765354136
high_school_computer_science, 30_attn.k, 19.902994260452385
high_school_european_history, 4_attn.v, 17.933654101339734
high_school_european_history, 10_attn.q, 17.933578013698323
high_school_european_history, 10_attn.v, 17.933555226669842
high_school_european_history, 18_attn.o, 17.933510901772983
high_school_european_history, 19_attn.q, 17.93353606397439
high_school_european_history, 20_attn.v, 17.933732367680012
high_school_european_history, 22_attn.v, 17.933535506136483
high_school_european_history, 23_attn.v, 17.933351369318117
high_school_european_history, 26_attn.o, 17.933409087280832
high_school_geography, 3_attn.q, 15.621639786598541
high_school_geography, 4_attn.q, 15.621566358324088
high_school_geography, 10_attn.o, 15.621675620685657
high_school_geography, 11_attn.v, 15.621719998891791
high_school_geography, 21_attn.q, 15.621561674422997
high_school_geography, 25_attn.q, 15.621621157847443
high_school_geography, 28_attn.o, 15.621670240349305
high_school_government_and_politics, 3_attn.v, 19.435295627132593
high_school_government_and_politics, 6_attn.q, 19.435602229961145
high_school_government_and_politics, 7_attn.o, 19.435514172340536
high_school_government_and_politics, 8_attn.k, 19.435388519079563
high_school_government_and_politics, 10_attn.q, 19.43549109664634
high_school_government_and_politics, 16_attn.v, 19.435579509268393
high_school_government_and_politics, 21_attn.q, 19.43533994980446
high_school_government_and_politics, 22_attn.v, 19.435534235199807
high_school_government_and_politics, 23_attn.o, 19.435467650340804
high_school_government_and_politics, 24_attn.q, 19.435603258645017
high_school_government_and_politics, 25_attn.v, 19.435311774709753
high_school_government_and_politics, 27_attn.k, 19.43560789242369
high_school_government_and_politics, 28_attn.v, 19.435377474606906
high_school_government_and_politics, 28_attn.o, 19.43547849498555
high_school_government_and_politics, 30_attn.o, 19.43561851356938
high_school_macroeconomics, 5_attn.k, 22.967172271436837
high_school_macroeconomics, 10_attn.k, 22.967300146180467
high_school_macroeconomics, 14_attn.v, 22.966933418517616
high_school_macroeconomics, 18_attn.o, 22.967023722592298
high_school_macroeconomics, 19_attn.o, 22.967022629220597
high_school_macroeconomics, 22_attn.o, 22.967018744953265
high_school_mathematics, 9_attn.o, 22.62980320562192
high_school_mathematics, 14_attn.k, 22.629853803712763
high_school_mathematics, 19_attn.q, 22.629983019395322
high_school_mathematics, 23_attn.v, 22.62984587987031
high_school_mathematics, 29_attn.k, 22.629971230341322
high_school_mathematics, 29_attn.o, 22.62980740990467
high_school_microeconomics, 4_attn.q, 23.310539526020296
high_school_microeconomics, 5_attn.o, 23.31069166846131
high_school_microeconomics, 12_attn.k, 23.310559270539994
high_school_microeconomics, 16_attn.k, 23.31068221990464
high_school_microeconomics, 26_attn.v, 23.310478213552056
high_school_microeconomics, 30_attn.v, 23.310820676408245
high_school_physics, 17_attn.k, 22.723841757675576
high_school_physics, 20_attn.o, 22.72399920997447
high_school_physics, 23_attn.o, 22.723851761612213
high_school_physics, 25_attn.q, 22.72402749505372
high_school_physics, 25_attn.v, 22.723813899609322
high_school_physics, 26_attn.k, 22.7237087152034
high_school_psychology, 3_attn.q, 20.399088426638517
high_school_psychology, 6_attn.o, 20.39889766890889
high_school_psychology, 8_attn.o, 20.399194295494198
high_school_psychology, 21_attn.q, 20.398937176236625
high_school_psychology, 21_attn.v, 20.39930580858354
high_school_psychology, 22_attn.v, 20.399083893406836
high_school_psychology, 26_attn.o, 20.398897944981442
high_school_psychology, 27_attn.k, 20.399184891629037
high_school_psychology, 28_attn.o, 20.399063923342023
high_school_statistics, 9_attn.k, 23.915322530039745
high_school_statistics, 10_attn.q, 23.915264371083413
high_school_statistics, 11_attn.o, 23.91482412474487
high_school_statistics, 12_attn.k, 23.914933476741343
high_school_statistics, 20_attn.k, 23.915006489991928
high_school_statistics, 20_attn.o, 23.915080264818243
high_school_statistics, 21_attn.k, 23.915273906783717
high_school_statistics, 26_attn.q, 23.914966293953754
high_school_statistics, 27_attn.v, 23.914693803464182
high_school_us_history, 3_attn.k, 12.384607781300653
high_school_us_history, 5_attn.k, 12.38467092566449
high_school_us_history, 6_attn.k, 12.384656236138945
high_school_us_history, 7_attn.o, 12.384840605946849
high_school_us_history, 8_attn.k, 12.38468925149677
high_school_us_history, 12_attn.o, 12.384768233549016
high_school_us_history, 13_attn.k, 12.384749015739132
high_school_us_history, 18_attn.k, 12.384733248209702
high_school_us_history, 19_attn.q, 12.384719337086027
high_school_us_history, 19_attn.k, 12.384664600324447
high_school_us_history, 21_attn.o, 12.384603863308154
high_school_us_history, 24_attn.o, 12.384685013254623
high_school_world_history, 10_attn.k, 20.17949994779629
high_school_world_history, 11_attn.k, 20.179264908944035
high_school_world_history, 14_attn.q, 20.17910653078923
high_school_world_history, 24_attn.q, 20.179501803805223
human_aging, 4_attn.o, 11.88449820268667
human_aging, 8_attn.q, 11.884486952689182
human_aging, 12_attn.q, 11.88452078944684
human_aging, 15_attn.q, 11.884481997360957
human_aging, 23_attn.k, 11.8844460564277
human_aging, 23_attn.v, 11.884502533903683
human_aging, 29_attn.v, 11.884452495263384
human_sexuality, 8_attn.q, 21.52932119310896
human_sexuality, 11_attn.v, 21.5295097572953
human_sexuality, 14_attn.v, 21.529232340869914
human_sexuality, 15_attn.v, 21.529344440854658
human_sexuality, 16_attn.v, 21.529519010172404
human_sexuality, 20_attn.o, 21.529422566769664
human_sexuality, 22_attn.k, 21.52962982871149
human_sexuality, 28_attn.v, 21.52928447727166
human_sexuality, 29_attn.v, 21.529290640364916
international_law, 3_attn.v, 14.934680832675808
international_law, 3_attn.o, 14.934862527622084
international_law, 8_attn.v, 14.93475714656559
international_law, 13_attn.k, 14.93478970370411
international_law, 17_attn.k, 14.934778909230934
international_law, 17_attn.o, 14.935004469750654
international_law, 25_attn.k, 14.934789213578423
international_law, 25_attn.o, 14.934727537388621
international_law, 30_attn.q, 14.93485878163724
jurisprudence, 20_attn.o, 21.264360316457527
jurisprudence, 21_attn.k, 21.2643452510515
jurisprudence, 21_attn.v, 21.264471543977436
logical_fallacies, 3_attn.v, 16.282818655894776
logical_fallacies, 4_attn.v, 16.283101211555934
logical_fallacies, 7_attn.k, 16.28294707903926
logical_fallacies, 8_attn.k, 16.282924037432192
logical_fallacies, 8_attn.v, 16.282932679451054
logical_fallacies, 9_attn.o, 16.282825743332033
logical_fallacies, 11_attn.k, 16.28297924521497
logical_fallacies, 11_attn.v, 16.28307017701397
logical_fallacies, 17_attn.v, 16.282902803923236
logical_fallacies, 30_attn.v, 16.283093952004634
machine_learning, 5_attn.q, 14.81001191142103
machine_learning, 7_attn.q, 14.810081258586399
machine_learning, 8_attn.k, 14.810047709744792
machine_learning, 13_attn.k, 14.810160537926144
machine_learning, 19_attn.q, 14.810114114271357
machine_learning, 23_attn.v, 14.810052603318361
machine_learning, 24_attn.o, 14.810081025350843
machine_learning, 25_attn.v, 14.809997305388938
machine_learning, 29_attn.k, 14.810128219187611
management, 6_attn.v, 22.84694945512861
management, 6_attn.o, 22.847194732596748
management, 9_attn.q, 22.84727988247078
management, 15_attn.v, 22.847220126916245
management, 18_attn.q, 22.847132867605605
management, 18_attn.v, 22.847471735314308
management, 22_attn.k, 22.847532866665457
management, 24_attn.q, 22.8473275046073
management, 28_attn.k, 22.84727121845237
marketing, 12_attn.o, 14.788427043395702
marketing, 14_attn.o, 14.788339872160433
marketing, 21_attn.q, 14.788366372838482
marketing, 21_attn.v, 14.788630265506654
marketing, 23_attn.q, 14.78855703389935
marketing, 24_attn.q, 14.788479545172532
marketing, 28_attn.k, 14.788390073396139
medical_genetics, 9_attn.q, 8.444895511600505
medical_genetics, 16_attn.v, 8.444997722668571
medical_genetics, 22_attn.o, 8.444964461532349
medical_genetics, 24_attn.q, 8.445068614943045
medical_genetics, 24_attn.o, 8.44491368560349
medical_genetics, 26_attn.q, 8.444928224549093
medical_genetics, 27_attn.q, 8.444922540860635
medical_genetics, 30_attn.k, 8.444924765684044
miscellaneous, 5_attn.q, 19.575915295396207
miscellaneous, 10_attn.q, 19.576004380369028
miscellaneous, 10_attn.o, 19.576032012535137
miscellaneous, 12_attn.v, 19.576040359765607
miscellaneous, 14_attn.v, 19.575863767577722
miscellaneous, 15_attn.q, 19.575919838461296
miscellaneous, 17_attn.k, 19.575881011843606
miscellaneous, 18_attn.o, 19.575909980057432
miscellaneous, 22_attn.q, 19.575873368407365
miscellaneous, 23_attn.k, 19.575851680194038
moral_disputes, 4_attn.o, 20.009475513654873
moral_disputes, 9_attn.k, 20.009423735301336
moral_disputes, 12_attn.q, 20.009520066257334
moral_disputes, 12_attn.v, 20.00964108267456
moral_disputes, 14_attn.q, 20.009214503109717
moral_disputes, 17_attn.o, 20.00958937555363
moral_disputes, 19_attn.q, 20.009496458996768
moral_disputes, 19_attn.o, 20.009340377716768
moral_disputes, 20_attn.v, 20.009777679121083
moral_disputes, 22_attn.k, 20.009661183734153
moral_disputes, 22_attn.o, 20.00949959762347
moral_disputes, 23_attn.v, 20.009400296792062
moral_disputes, 25_attn.o, 20.009300563253205
moral_disputes, 29_attn.k, 20.009598222341562
moral_scenarios, 8_attn.q, 21.52934112744918
moral_scenarios, 11_attn.v, 21.52955030924883
moral_scenarios, 15_attn.k, 21.529486537085344
moral_scenarios, 18_attn.k, 21.529383049902773
moral_scenarios, 21_attn.q, 21.529323959287662
moral_scenarios, 22_attn.v, 21.529336159161907
moral_scenarios, 26_attn.o, 21.52934463158666
moral_scenarios, 30_attn.q, 21.529480635478023
nutrition, 3_attn.k, 21.740920839927014
nutrition, 3_attn.o, 21.7411373778679
nutrition, 5_attn.v, 21.74108252716106
nutrition, 9_attn.k, 21.741098848599904
nutrition, 12_attn.k, 21.740982159303947
nutrition, 13_attn.q, 21.741056664657016
nutrition, 14_attn.k, 21.74092905693877
nutrition, 18_attn.v, 21.74112267116763
nutrition, 21_attn.v, 21.74139471480479
nutrition, 24_attn.k, 21.74086929642415
nutrition, 28_attn.v, 21.74103448353956
philosophy, 9_attn.o, 19.99124473703267
philosophy, 16_attn.k, 19.99139712083613
philosophy, 24_attn.q, 19.991636728640113
philosophy, 25_attn.k, 19.991333093726237
philosophy, 26_attn.o, 19.991267472023583
philosophy, 27_attn.v, 19.99107666816623
prehistory, 3_attn.q, 21.94493929099853
prehistory, 11_attn.q, 21.945240607250906
prehistory, 15_attn.k, 21.944814129099207
prehistory, 18_attn.o, 21.944718968499235
prehistory, 20_attn.k, 21.944660023828856
prehistory, 25_attn.k, 21.9448046325053
prehistory, 27_attn.v, 21.94453262613304
professional_accounting, 4_attn.k, 18.846129794158607
professional_accounting, 6_attn.k, 18.84608631803782
professional_accounting, 7_attn.k, 18.845944936604976
professional_accounting, 9_attn.o, 18.8459851142933
professional_accounting, 11_attn.o, 18.8459539974378
professional_accounting, 13_attn.v, 18.846038215278764
professional_accounting, 19_attn.o, 18.846067733341727
professional_accounting, 25_attn.q, 18.846213536748245
professional_accounting, 25_attn.o, 18.845978209017943
professional_law, 3_attn.q, 22.728265048260653
professional_law, 3_attn.k, 22.728168593811706
professional_law, 8_attn.o, 22.728277593637713
professional_law, 10_attn.q, 22.728521974311985
professional_law, 11_attn.k, 22.728246975244748
professional_law, 12_attn.q, 22.728403034781596
professional_law, 14_attn.k, 22.728242786812995
professional_law, 19_attn.k, 22.728326373691072
professional_law, 28_attn.v, 22.728288922597432
professional_medicine, 4_attn.k, 20.782040967361088
professional_medicine, 4_attn.v, 20.782257495244213
professional_medicine, 8_attn.o, 20.78200276719018
professional_medicine, 14_attn.q, 20.781794125200996
professional_medicine, 16_attn.q, 20.781966536179166
professional_medicine, 17_attn.v, 20.781884021038348
professional_medicine, 18_attn.q, 20.7820173161896
professional_medicine, 18_attn.o, 20.78214284678479
professional_medicine, 20_attn.q, 20.78245773960684
professional_medicine, 20_attn.o, 20.782131116625926
professional_psychology, 5_attn.k, 23.64927699752596
professional_psychology, 9_attn.q, 23.649196589134313
professional_psychology, 10_attn.v, 23.649160570729165
professional_psychology, 14_attn.v, 23.649074417432406
professional_psychology, 17_attn.o, 23.649546519822344
professional_psychology, 20_attn.q, 23.649651460324964
professional_psychology, 22_attn.v, 23.649399345721584
professional_psychology, 24_attn.o, 23.649164084783706
professional_psychology, 29_attn.k, 23.64950817847512
public_relations, 3_attn.k, 21.529069800697155
public_relations, 4_attn.k, 21.52924781272679
public_relations, 9_attn.v, 21.529123977520737
public_relations, 9_attn.o, 21.529071565355274
public_relations, 11_attn.v, 21.52934545346217
public_relations, 20_attn.q, 21.52929023200051
public_relations, 25_attn.o, 21.52906251055692
public_relations, 28_attn.q, 21.529127402092648
public_relations, 30_attn.k, 21.529157179923033
security_studies, 6_attn.o, 24.20025742512421
security_studies, 9_attn.k, 24.20048498303873
security_studies, 20_attn.q, 24.200425109289665
sociology, 5_attn.k, 19.932498124619983
sociology, 9_attn.o, 19.93230180246157
sociology, 14_attn.v, 19.932336585142306
sociology, 18_attn.o, 19.93246130040863
sociology, 19_attn.v, 19.93230371341849
sociology, 20_attn.v, 19.932730688873274
sociology, 22_attn.v, 19.93260092680257
sociology, 29_attn.q, 19.932454679787085
sociology, 30_attn.k, 19.93252852414282
us_foreign_policy, 7_attn.q, 22.321619141877548
us_foreign_policy, 10_attn.v, 22.32146152841825
us_foreign_policy, 10_attn.o, 22.321808419445972
us_foreign_policy, 23_attn.v, 22.32160162078229
us_foreign_policy, 25_attn.q, 22.321719330877674
us_foreign_policy, 28_attn.v, 22.32154761785198
us_foreign_policy, 29_attn.o, 22.32149992829745
virology, 7_attn.o, 21.20538567976974
virology, 8_attn.q, 21.205226200650717
virology, 8_attn.v, 21.20522654201306
virology, 12_attn.q, 21.205392939823383
virology, 17_attn.k, 21.20524149973273
virology, 17_attn.o, 21.205548652974855
virology, 18_attn.o, 21.205256213785134
virology, 21_attn.q, 21.205148129793397
virology, 22_attn.v, 21.205342430820057
virology, 25_attn.q, 21.205390246952266
virology, 26_attn.v, 21.205191875816503
world_religions, 8_attn.o, 20.452620484494595
world_religions, 11_attn.k, 20.452540127105937
world_religions, 12_attn.q, 20.452556887454516
world_religions, 15_attn.q, 20.452511811533554
world_religions, 16_attn.v, 20.452580802733806
world_religions, 17_attn.v, 20.452564488511637
world_religions, 23_attn.q, 20.45286013255251
world_religions, 28_attn.v, 20.452500248738943
world_religions, 28_attn.o, 20.452607125842846
math_qa, 3_attn.k, 24.18312241044116
math_qa, 6_attn.k, 24.183374357196694
math_qa, 13_attn.v, 24.18319905470768
math_qa, 14_attn.q, 24.18304449731166
math_qa, 14_attn.v, 24.183166266663456
math_qa, 15_attn.q, 24.18330981013094
math_qa, 17_attn.v, 24.183267869046933
math_qa, 19_attn.o, 24.183285274066268
math_qa, 30_attn.q, 24.183439312351783
EleutherAI/truthful_qa_mc, 4_attn.q, 23.22797601887912
EleutherAI/truthful_qa_mc, 5_attn.v, 23.227950961996815
EleutherAI/truthful_qa_mc, 6_attn.k, 23.228165850021206
EleutherAI/truthful_qa_mc, 9_attn.q, 23.22800035898637
EleutherAI/truthful_qa_mc, 10_attn.v, 23.227942213273543
EleutherAI/truthful_qa_mc, 11_attn.k, 23.22800927580936
EleutherAI/truthful_qa_mc, 15_attn.o, 23.227965712012285
EleutherAI/truthful_qa_mc, 27_attn.o, 23.228041721967724
derek-thomas/ScienceQA, 3_attn.k, 15.939068555878128
derek-thomas/ScienceQA, 4_attn.q, 15.93907451297237
derek-thomas/ScienceQA, 14_attn.q, 15.938943800447017
derek-thomas/ScienceQA, 15_attn.q, 15.93915666145128
derek-thomas/ScienceQA, 17_attn.o, 15.939168944379134
derek-thomas/ScienceQA, 21_attn.k, 15.939130908933928
derek-thomas/ScienceQA, 23_attn.o, 15.939002522766408
derek-thomas/ScienceQA, 29_attn.v, 15.939058465834528
commonsense_qa, 4_attn.v, 18.94656998825289
commonsense_qa, 7_attn.q, 18.946543725681043
commonsense_qa, 8_attn.k, 18.946480166285856
commonsense_qa, 9_attn.k, 18.94657149503272
commonsense_qa, 10_attn.o, 18.946569013224842
commonsense_qa, 11_attn.o, 18.946381711580006
commonsense_qa, 15_attn.v, 18.946449221127086
commonsense_qa, 17_attn.k, 18.94640730323938
commonsense_qa, 20_attn.v, 18.946742589006845
commonsense_qa, 22_attn.k, 18.94668354614073
commonsense_qa, 24_attn.v, 18.94659018642916
commonsense_qa, 25_attn.v, 18.946406382189604
